,Last Name,Company,City,Email
0,Eickhoff,Zieme and Sons,Mizque,reickhoff0@last.fm
1,Morson,Gibson and Sons,Ouro Branco,bmorson1@homestead.com
2,Polly,Brown-Dietrich,Banff,upolly2@cdbaby.com
3,Bourley,Hansen-Russel,Sabana Grande,abourley3@issuu.com
4,Fenck,Jaskolski and D'Amore,Pitai,mfenck4@mediafire.com
5,Chalfont,"Kunde, Herzog and Lindgren",Liwale,cchalfont5@gov.uk
6,Simone,Botsford-Graham,Caoxi,esimone6@apple.com
7,Everly,"Hahn, Tremblay and Keebler",Wangjiahe,aeverly7@jimdo.com
8,Cauldfield,Wyman LLC,Huancheng,hcauldfield8@nationalgeographic.com
9,Rowbottam,Bahringer Group,Río Bueno,nrowbottam9@yahoo.com
10,McLanachan,Casper and Sons,Booterstown,tmclanachana@360.cn
11,Wrates,Schmidt-Crooks,Jampang Tengah,cwratesb@drupal.org
12,Cheeney,Stokes-O'Conner,Lüxiang,lcheeneyc@themeforest.net
13,Deboo,Kessler-Langosh,Suwałki,edebood@lycos.com
14,Hucquart,Boyer-Konopelski,Telengsari,mhucquarte@hao123.com
15,Hughlin,"Goodwin, Jenkins and Gerlach",Sarrebourg,dhughlinf@cbsnews.com
16,McCome,"Goodwin, Labadie and Morar",Balongmulyo,kmccomeg@multiply.com
17,Saph,Batz Group,Brinkmann,msaphh@redcross.org
18,MacParlan,Bergnaum Inc,Shidu,rmacparlani@booking.com
19,Brasener,"Wolf, Crist and Schuster",Gabao,abrasenerj@ox.ac.uk
20,Wilds,"Wunsch, Gutmann and Mueller",Johor Bahru,pwildsk@squarespace.com
21,Poynor,"Pfannerstill, Waelchi and Raynor",Sulitair,lpoynorl@uol.com.br
22,Hawney,Kulas-Jacobson,Anyang,jhawneym@ow.ly
23,Jizhaki,"Lubowitz, Streich and Heaney",Břeclav,cjizhakin@fda.gov
24,Santon,Koss-Bode,Jardim,csantono@fema.gov
25,Northridge,"Monahan, Gorczany and Schmeler",Lao Suea Kok,mnorthridgep@cisco.com
26,Croisdall,DuBuque-Mertz,Sovetsk,ecroisdallq@yale.edu
27,Chaperlin,"Schaden, Marvin and Russel",Fairbanks,jchaperlinr@hugedomains.com
28,Penrose,Pfeffer-Swaniawski,Týrnavos,spenroses@soundcloud.com
29,Wallsworth,Nader Group,Ferapontovo,dwallswortht@aol.com
30,Trevaskis,Cole-Dare,Al ‘Ashshah,ctrevaskisu@tiny.cc
31,Commin,Ward and Sons,Kruševac,bcomminv@dedecms.com
32,Sykora,"Stanton, Quitzon and Farrell",Shiroi,csykoraw@example.com
33,Riseley,McDermott Inc,Nageswari,driseleyx@scribd.com
34,Giovannacc@i,"Cole, Kovacek and Baumbach",Ouro Preto,agiovannacciy@comsenz.com
35,ducarme,Schultz Inc,Ar Ramāḑīn,mducarmez@mediafire.com
36,Stenet,Romaguera Group,San Vicente,cstenet10@shareasale.com
37,Lisamore,Pollich and Sons,Langarūd,nlisamore11@cam.ac.uk
38,Slater,Zemlak LLC,Cimara,cslater12@hhs.gov
39,Juorio,Mann-Lehner,Tai’an,gjuorio13@cnn.com
40,Evenett,Harris LLC,Baruta,nevenett14@unblog.fr
41,Newbery,Leffler-Bradtke,Ormož,anewbery15@multiply.com
42,Renison,Hyatt-Shields,Kecskemét,lrenison16@washingtonpost.com
43,Simanek,"Rodriguez, Hudson and Witting",Oshawa,psimanek17@disqus.com
44,MacCrann,"Howell, Lind and Huels",Eschweiler,mmaccrann18@163.com
45,Meir,Baumbach and Sons,Tabor,bmeir19@list-manage.com
46,Searsby,"O'Keefe, Erdman and Dibbert",Chenqing,ksearsby1a@ft.com
47,Cacacie,Kuhic LLC,Agriá,bcacacie1b@diigo.com
48,Gebhard,Wilkinson and Sons,Yanas,cgebhard1c@list-manage.com
49,Cuddon,Dickinson Inc,Duifang,tcuddon1d@examiner.com
50,Spalding,West-Cremin,Upata,dspalding1e@cbc.ca
51,Capelen,"Kunze, Cummerata and Volkman",Donghai,acapelen1f@indiatimes.com
52,Tremayne,Jacobson LLC,Charlestown,rtremayne1g@alexa.com
53,Blaksland,"Quigley, Bins and Stamm",Thị Trấn Thuận Châu,qblaksland1h@blogs.com
54,Dearness,"Schumm, Gislason and Gibson",Luchenza,kdearness1i@multiply.com
55,Dacca,Howe LLC,Bezons,tdacca1j@naver.com
56,Hadgkiss,"Cummings, Moen and Runolfsdottir",Bei,chadgkiss1k@miitbeian.gov.cn
57,Fernan,McClure Group,Mendes,cfernan1l@oaic.gov.au
58,Filipiak,McCullough-Williamson,Pilar,afilipiak1m@washington.edu
59,Somerlie,Cassin LLC,Muḩammad Āghah Wuluswālī,rsomerlie1n@mit.edu
60,Petty,Torphy LLC,Ketapang,cpetty1o@intel.com
61,Puckham,Frami and Sons,Gucheng,jpuckham1p@usnews.com
62,Shortall,Osinski-Kuhlman,Kwale,gshortall1q@springer.com
63,Carlett,"Rohan, Gerhold and Wisoky",Aghavnadzor,tcarlett1r@ted.com
64,Cullerne,Schowalter LLC,Burgos,rcullerne1s@dell.com
65,Matusson,Bernhard-Cruickshank,Mora,hmatusson1t@over-blog.com
66,Coolson,Ortiz and Sons,Lubāna,rcoolson1u@blinklist.com
67,Crothers,Fadel Group,Skärholmen,ccrothers1v@ucoz.com
68,Malthus,Halvorson and Sons,Ganxi,smalthus1w@discovery.com
69,Kindred,Schimmel-Heathcote,Karkkila,rkindred1x@arizona.edu
70,Meins,"Kerluke, Carter and Runolfsdottir",Armação de Pêra,pmeins1y@altervista.org
71,Collens,Stamm Inc,Spuž,wcollens1z@is.gd
72,Faherty,"Harris, Boyle and Blick",Barbacena,bfaherty20@paypal.com
73,Sutherns,Cartwright-Zemlak,Watoona,gsutherns21@bigcartel.com
74,Robet,Ruecker-Kemmer,Batal,crobet22@google.it
75,Sharvell,"Wintheiser, Towne and Shanahan",Englewood,wsharvell23@marriott.com
76,Thorndycraft,"Jacobson, Wunsch and Corwin",Sigay,bthorndycraft24@1und1.de
77,McGirr,"Braun, Bayer and Fay",Épernay,cmcgirr25@dagondesign.com
78,Spurryer,Kreiger Group,Krasnyy Yar,mspurryer26@nbcnews.com
79,Colliford,Boehm-Waelchi,Miejska Górka,acolliford27@naver.com
80,Ireson,"Bednar, Zieme and Effertz",Salacgrīva,kireson28@google.es
81,Rimmer,Christiansen-Bednar,Al Mālikīyah,nrimmer29@aol.com
82,Skedgell,"Kilback, Cole and Walter",Mbuji-Mayi,cskedgell2a@so-net.ne.jp
83,Aron,Quitzon-Gulgowski,Göteborg,baron2b@chron.com
84,Donat,"Bergstrom, Cummerata and Vandervort",Guanshui,ddonat2c@icio.us
85,Warkup,Bergstrom-Gerhold,Rudniki,bwarkup2d@vinaora.com
86,Gellibrand,"Corkery, Hoppe and Walker",Lévis,ogellibrand2e@cisco.com
87,Haddeston,Rath-Schulist,Pexiligais,thaddeston2f@istockphoto.com
88,Leith-Harvey,Gusikowski and Sons,Mloko,sleithharvey2g@sciencedaily.com
89,Blind,Brakus-Wintheiser,Tōkamachi,ablind2h@latimes.com
90,Hands,Wisoky-Cole,Issoudun,bhands2i@bizjournals.com
91,Juste,Kuphal and Sons,Gózd,kjuste2j@digg.com
92,Ledrun,Tromp-Crooks,Huxu,tledrun2k@ask.com
93,Yesinov,Williamson Group,Reims,byesinov2l@mayoclinic.com
94,Baroux,Price-Stoltenberg,Velyka Lepetykha,vbaroux2m@amazonaws.com
95,Malham,Torphy Inc,Baima,hmalham2n@networkadvertising.org
96,Byre,Pagac-Langworth,Altunemil,lbyre2o@hugedomains.com
97,Nesbeth,Dibbert-Barrows,Hiroshima-shi,nnesbeth2p@hatena.ne.jp
98,Gligori,Feest Group,Mbala,agligori2q@odnoklassniki.ru
99,Mosen,Ledner-Schimmel,Charleston,zmosen2r@lulu.com
100,Neely,Schulist-Koepp,Gamay,lneely2s@ebay.co.uk
101,Olijve,Stracke Group,Hengxi,bolijve2t@photobucket.com
102,Winslade,"Robel, Conn and Schuster",Maopingchang,kwinslade2u@ameblo.jp
103,Ingrem,O'Conner-Hirthe,Thị Trấn Quan Hóa,pingrem2v@psu.edu
104,Pfeuffer,Farrell-Rippin,Sumbuya,mpfeuffer2w@buzzfeed.com
105,Simonich,"Blanda, Lubowitz and Hane",Kodamachō-kodamaminami,dsimonich2x@vk.com
106,Candish,Zboncak LLC,Barisāl,ccandish2y@about.com
107,Lunbech,Botsford-Tillman,Jiuzhai,blunbech2z@ask.com
108,Fransson,"Marvin, Pouros and Gerlach",Masjed Soleymān,cfransson30@symantec.com
109,Broom,Kling-Bogan,Benešov nad Černou,kbroom31@nymag.com
110,Itzkovwitch,"Torp, Thompson and Brekke",Navoiy,gitzkovwitch32@blog.com
111,MacCaughey,Macejkovic-Terry,Mercedes,bmaccaughey33@moonfruit.com
112,Lurcock,Hauck-Emmerich,Cigembor,rlurcock34@nsw.gov.au
113,Twyford,Wisoky-Cassin,Horodok,ttwyford35@tamu.edu
114,Mundle,Schultz-Schaden,Scholkine,mmundle36@twitter.com
115,Tellenbroker,Dibbert LLC,Makungu,etellenbroker37@huffingtonpost.com
116,Maben,Altenwerth and Sons,Lingxi,lmaben38@europa.eu
117,Impey,Kutch-Rohan,Migori,simpey39@diigo.com
118,Legerwood,"Stiedemann, Hansen and Sanford",Cabungan,glegerwood3a@angelfire.com
119,Alexandersson,Schmeler-Steuber,Hujiaying,ualexandersson3b@state.gov
120,Gloster,Cassin-Rohan,Panognawan,ngloster3c@who.int
121,Cherrison,Gusikowski and Sons,Wuluo,lcherrison3d@indiegogo.com
122,Ferrandez,Schmeler-Hettinger,Tsibulev,kferrandez3e@fc2.com
123,Aidler,"Koepp, Herzog and Powlowski",La Rochelle,kaidler3f@networksolutions.com
124,Prestidge,"Sauer, Yundt and Cartwright",Gourcy,qprestidge3g@myspace.com
125,Tyson,Hermann-Hodkiewicz,Naxos,atyson3h@123-reg.co.uk
126,Maltster,Monahan and Sons,Xiangrong,gmaltster3i@furl.net
127,Labarre,O'Keefe-Smith,Namyang-dong,klabarre3j@admin.ch
128,Cusworth,"Metz, Lindgren and Harris",Shawan,zcusworth3k@oracle.com
129,Troy,"Bruen, Witting and Moen",Bulakbanjar,dtroy3l@hugedomains.com
130,Paddeley,Ullrich-Herman,Avlónas,kpaddeley3m@columbia.edu
131,Hasnip,Frami-Walter,Vynohradivka,dhasnip3n@house.gov
132,Bennion,Kris-Ankunding,Zouparria do Monte,cbennion3o@google.co.jp
133,Stansbie,Lueilwitz-Howe,Zaragoza,gstansbie3p@pen.io
134,Light,"Ebert, Larson and Casper",Salgueiro,mlight3q@msn.com
135,Cundey,Goyette and Sons,Miyoshi,kcundey3r@ed.gov
136,Firks,Bednar-Schultz,Lousa,mfirks3s@google.de
137,Barney,Green LLC,Wenquan,bbarney3t@prnewswire.com
138,Levine,Berge Group,Jalqamūs,olevine3u@vistaprint.com
139,Panner,"White, O'Connell and Flatley",Kamenné Žehrovice,bpanner3v@dyndns.org
140,Chantillon,"Schmidt, Dicki and Ferry",Gambalidio,tchantillon3w@biblegateway.com
141,Stangroom,Shields Group,Mangai,mstangroom3x@quantcast.com
142,Beentjes,"Nienow, Mitchell and Paucek",Daixi,dbeentjes3y@51.la
143,Fergusson,Padberg Group,Ejmiatsin,ffergusson3z@free.fr
144,Willicott,Gislason-Carter,Cisarap,rwillicott40@360.cn
145,De Stoop,Hane-Bergstrom,Ipil,idestoop41@bluehost.com
146,Bode,Sauer LLC,Portachuelo,pbode42@usa.gov
147,Scanlan,Ritchie LLC,Nayoro,pscanlan43@independent.co.uk
148,McKimmie,Rogahn-Yost,Puqian,jmckimmie44@hp.com
149,Trowel,Larson-Doyle,San Juan del Surutú,ntrowel45@archive.org
150,Netley,Aufderhar and Sons,Sernovodsk,lnetley46@nature.com
151,Scobie,Johns and Sons,Bodø,rscobie47@networkadvertising.org
152,Blakeslee,Wolf-Gislason,Smołdzino,ablakeslee48@github.com
153,Lanigan,"Heidenreich, Brown and Stracke",Vitina,dlanigan49@cdc.gov
154,Adkins,Boehm-Powlowski,Xianxi,padkins4a@google.ca
155,Bidmead,Kassulke-MacGyver,Usukhchay,lbidmead4b@miibeian.gov.cn
156,Bottom,Considine-Larkin,Podbrdo,hbottom4c@uol.com.br
157,Harrald,Farrell Group,Selmes,eharrald4d@alexa.com
158,McGeoch,Zieme Group,Aconibe,cmcgeoch4e@slashdot.org
159,Wort,Friesen-Walker,Wuyanquan,twort4f@mashable.com
160,Brameld,"Williamson, Davis and Terry",Yiwa,mbrameld4g@domainmarket.com
161,Irwin,"Cassin, Wolff and Kuphal",Dorp Antriol,virwin4h@indiegogo.com
162,Gravet,O'Kon and Sons,Berëzovka,bgravet4i@simplemachines.org
163,Ollerhad,Hills-Ryan,Banjar Dauhmargi,dollerhad4j@cnn.com
164,Swires,Hagenes and Sons,Loangmaka,eswires4k@accuweather.com
165,Flintuff,Grady-Stoltenberg,Yako,jflintuff4l@google.it
166,Thebes,"Runte, Hirthe and Klein",São Carlos,cthebes4m@creativecommons.org
167,Pritchett,"Heller, Torphy and Grady",West Palm Beach,kpritchett4n@yahoo.com
168,Keller,Rice LLC,Rudnyy,jkeller4o@jugem.jp
169,Jorin,"Schinner, Jast and Schiller",Oslo,ejorin4p@moonfruit.com
170,Bacup,Schaden Inc,Muararupit,abacup4q@irs.gov
171,Patesel,"Schumm, Gulgowski and Ortiz",Menzel Bourguiba,mpatesel4r@geocities.com
172,Laister,"Waelchi, Veum and Cole",Busdi,mlaister4s@lulu.com
173,Huskisson,Crona-Douglas,Rzeczenica,thuskisson4t@msn.com
174,Desporte,Carroll and Sons,Jiujiang,adesporte4u@baidu.com
175,Westhoff,"Kutch, McGlynn and Walker",Áthyra,cwesthoff4v@arstechnica.com
176,Arnhold,Halvorson-O'Connell,Nong Yasai,carnhold4w@whitehouse.gov
177,Hawsby,Will Inc,Jinggongqiao,whawsby4x@surveymonkey.com
178,Verryan,"Nader, Schmitt and Bernhard",Guojiazhuang,mverryan4y@youtube.com
179,Klimus,"Larkin, Satterfield and Romaguera",Kalebun,hklimus4z@alexa.com
180,Suerz,Simonis and Sons,Kompóti,lsuerz50@jimdo.com
181,Sciusscietto,Mosciski Inc,Camaçari,tsciusscietto51@yellowpages.com
182,Gowthorpe,Schroeder-Mills,Santa Cruz da Graciosa,egowthorpe52@over-blog.com
183,Conti,Spencer LLC,Korisós,cconti53@amazon.co.jp
184,Kleen,"Marks, Kozey and Pfeffer",Gus’-Zheleznyy,dkleen54@surveymonkey.com
185,Perrott,"Howell, Jacobi and Heidenreich",Shanguang,mperrott55@cyberchimps.com
186,Mary,Kub Inc,Aksakovo,pmary56@desdev.cn
187,Saffran,Rice-Torp,Hŭkkyo-ri,asaffran57@paginegialle.it
188,Fintoph,Block-Schamberger,Bedford,lfintoph58@businessweek.com
189,Frill,"Schiller, Emard and Wolf",Lagoa da Prata,kfrill59@livejournal.com
190,Baudoux,Roob Group,Altanbulag,jbaudoux5a@cbc.ca
191,Sammut,Raynor Inc,Petersfield,esammut5b@feedburner.com
192,Shakelady,"Bode, McLaughlin and Schneider",Penebel,rshakelady5c@typepad.com
193,Dibbin,Dickinson-Rosenbaum,Souq Larb’a al Gharb,gdibbin5d@sakura.ne.jp
194,Mohan,Mosciski Group,Ronggo,smohan5e@guardian.co.uk
195,Geddes,"Treutel, Crooks and Kozey",Piraju,mgeddes5f@japanpost.jp
196,Pilipyak,O'Keefe-Block,Zaragoza,ypilipyak5g@tuttocitta.it
197,Jowsey,"Lockman, O'Connell and Hoeger",Taibao,cjowsey5h@rakuten.co.jp
198,Werrilow,"Lind, Trantow and Thompson",Balneário Camboriú,rwerrilow5i@npr.org
199,Cottell,Lemke Inc,Shahrak-e Bākharz,vcottell5j@google.com
200,Vanni,O'Keefe Inc,Kálymnos,avanni5k@nydailynews.com
201,Wanderschek,Heller Group,Ikaalinen,twanderschek5l@squarespace.com
202,Dodgson,Schmidt-Mayer,Limoges,adodgson5m@ed.gov
203,Dykins,"Mann, Gerlach and Wuckert",Xichehe,bdykins5n@seesaa.net
204,Horburgh,Steuber-Bogisich,Pingfeng,ghorburgh5o@indiegogo.com
205,Cormack,Fahey-Kessler,Serzedelo,ocormack5p@nsw.gov.au
206,Bembrigg,Quitzon Group,Laval,abembrigg5q@squidoo.com
207,Kopp,Deckow-Feil,Changjiang,rkopp5r@imageshack.us
208,Brill,Bogisich-Kuhn,Aguazul,gbrill5s@soup.io
209,Roles,"Stoltenberg, Stiedemann and Auer",Kouvola,eroles5t@pagesperso-orange.fr
210,Snyder,Hudson Inc,Vyborg,asnyder5u@shareasale.com
211,Bansal,"Grimes, Reilly and Doyle",Somdet,nbansal5v@aboutads.info
212,Martensen,"Wisoky, Huels and Runte",Kroya,bmartensen5w@github.io
213,Budgen,"Wiza, Schaden and Schmeler",Shibirghān,tbudgen5x@istockphoto.com
214,Lasseter,Batz-Farrell,La Rochelle,jlasseter5y@opera.com
215,Thams,Harvey-Bednar,Klole,lthams5z@domainmarket.com
216,Huzzay,"Rosenbaum, Towne and Aufderhar",Smokvica,ahuzzay60@prlog.org
217,Longford,Macejkovic-Koch,Ebute Ikorodu,glongford61@freewebs.com
218,Cope,"Swaniawski, Kling and Bergstrom",La Paz,acope62@cafepress.com
219,Moyles,Borer Group,Norrtälje,mmoyles63@salon.com
220,Crutchfield,McDermott-Bernier,Jönköping,acrutchfield64@weebly.com
221,Klawi,Shanahan Group,‘Ayn Ḩalāqīm,sklawi65@booking.com
222,Shinton,Roob-Schoen,Nierumai,eshinton66@aboutads.info
223,Trenam,"Parker, Shanahan and Hayes",Buga,ktrenam67@time.com
224,Cribbott,Nader-Koelpin,Zuogaiduoma,scribbott68@sun.com
225,Riggeard,"Will, Hagenes and Koch",Ngrambitan,sriggeard69@cnn.com
226,D'eathe,"Sauer, Ernser and Corkery",Guxi,mdeathe6a@techcrunch.com
227,Fehely,Feest LLC,Dalianwan,lfehely6b@surveymonkey.com
228,Diggar,Hansen-Corwin,Uspenskoye,hdiggar6c@lycos.com
229,Caplan,Marvin and Sons,Cibeureum,ccaplan6d@huffingtonpost.com
230,Woodrow,Nitzsche-Heidenreich,Llorente,kwoodrow6e@alibaba.com
231,Junifer,Yundt-Homenick,Koilás,kjunifer6f@deviantart.com
232,Beaument,Schuster-Walsh,Gelang,lbeaument6g@scribd.com
233,Aughtie,Ruecker-Johns,Xam Nua,baughtie6h@mtv.com
234,Ansteys,Fisher Inc,Linköping,cansteys6i@tuttocitta.it
235,Ryce,Stark-Boehm,Karadaglije,dryce6j@ted.com
236,Inwood,"Dietrich, Boyle and Jaskolski",Cha’anpu,finwood6k@netvibes.com
237,Tyer,"O'Reilly, Kirlin and Runolfsson",Kamenica,ftyer6l@feedburner.com
238,Coote,"Larkin, Kris and Heathcote",Thawi Watthana,kcoote6m@blog.com
239,Kincla,"Haley, Lindgren and Dibbert",Gonzalo,wkincla6n@skype.com
240,Crathorne,Wunsch-Deckow,Águas de Lindóia,mcrathorne6o@printfriendly.com
241,Powlett,"Morar, Larkin and Lueilwitz",Shatoujiao,lpowlett6p@salon.com
242,Kenson,"Funk, Boehm and Schimmel",Sukolilo,dkenson6q@google.co.jp
243,Drewery,Conn Group,Otacílio Costa,rdrewery6r@multiply.com
244,Oertzen,Ryan-Bayer,Dibba Al-Fujairah,boertzen6s@mayoclinic.com
245,Scarratt,"White, Marks and Gislason",Nong Chik,ascarratt6t@mail.ru
246,Swetman,O'Connell-Spencer,Bafia,sswetman6u@salon.com
247,Stadding,Lueilwitz and Sons,Bulasa,astadding6v@icq.com
248,Berick,Altenwerth-Turner,Pātan,kberick6w@photobucket.com
249,Batting,Conn Inc,Haradzishcha,lbatting6x@youtube.com
250,Godwin,"Nienow, Schuster and Doyle",Penisihan,egodwin6y@ow.ly
251,Sholem,Mraz-Hilpert,Kopayhorod,hsholem6z@shareasale.com
252,Waistell,Pagac-Wunsch,Jinshandian,dwaistell70@shutterfly.com
253,Bourgaize,Schimmel-Wolf,Al Mazra‘ah ash Sharqīyah,vbourgaize71@microsoft.com
254,McGaugan,Turcotte-Green,Zhanghuban,tmcgaugan72@admin.ch
255,Burland,Larson Inc,Chamical,aburland73@prweb.com
256,Norsworthy,"Maggio, Price and Hoppe",Wanquan,dnorsworthy74@google.ru
257,Phettiplace,Torphy and Sons,San Juan de Manapiare,mphettiplace75@behance.net
258,Wadham,"Denesik, Toy and Dibbert",Portela,awadham76@amazon.co.uk
259,Raeburn,Bruen and Sons,Gävle,rraeburn77@delicious.com
260,Fowlestone,"Luettgen, Casper and Howell",Karangnunggal,afowlestone78@w3.org
261,Eccersley,"Klocko, Turner and Funk",Bel Air Rivière Sèche,peccersley79@guardian.co.uk
262,Goggen,Goodwin LLC,Golovchino,lgoggen7a@uiuc.edu
263,Steinham,Bartoletti Inc,Nicolet,hsteinham7b@google.com
264,Grayham,"Tillman, Macejkovic and Murphy",Changping,lgrayham7c@statcounter.com
265,Seefeldt,Herzog-Brown,Wuṯahpūr,jseefeldt7d@imdb.com
266,Soitoux,"Hessel, Hermann and Jacobi",Huddinge,esoitoux7e@intel.com
267,Holmyard,"Reinger, Little and Bahringer",Żoliborz,kholmyard7f@nbcnews.com
268,Le Noury,Ruecker-Auer,Magisterial,jlenoury7g@istockphoto.com
269,Edler,"Jones, Nicolas and Kemmer",Ganja,kedler7h@mayoclinic.com
270,Fussell,"Dibbert, Powlowski and Schinner",Gomel,lfussell7i@trellian.com
271,Adin,Beier and Sons,Trångsund,ladin7j@berkeley.edu
272,Dragon,Vandervort-Wiza,Oyabe,mdragon7k@mtv.com
273,Dybell,Schmidt Inc,Souto,adybell7l@netvibes.com
274,Jelf,"Veum, Spinka and Vandervort",Baniachang,sjelf7m@mit.edu
275,Ewings,"Kohler, Williamson and Connelly",Kisasa,pewings7n@sina.com.cn
276,Gorgen,Strosin Group,Storuman,ggorgen7o@cpanel.net
277,Lages,Hammes Inc,Changhan,mlages7p@csmonitor.com
278,Creber,"Lindgren, Heidenreich and Shanahan",Iecava,kcreber7q@angelfire.com
279,Dwyr,Green Inc,Lowotukan,ndwyr7r@51.la
280,Dalliwatr,Funk Inc,Tarsouat,gdalliwatr7s@blogtalkradio.com
281,Sydney,Hessel and Sons,Vestmannaeyjar,ssydney7t@oaic.gov.au
282,Vakhrushin,VonRueden and Sons,Nanling,gvakhrushin7u@twitter.com
283,Pykerman,"Grimes, Feeney and Reinger",Huai’an,jpykerman7v@imdb.com
284,Broadis,"Watsica, Tillman and Pacocha",Xiaba,ebroadis7w@photobucket.com
285,Jakubowicz,Waelchi-Mante,Głogów Małopolski,ajakubowicz7x@ed.gov
286,Gawke,Predovic LLC,Šipovo,vgawke7y@flavors.me
287,Moralis,Kemmer-Wiegand,Fovissste,cmoralis7z@joomla.org
288,Thain,"Pollich, Pfeffer and Christiansen",Ełk,bthain80@jimdo.com
289,Szymoni,"Schowalter, Streich and Bruen",Fortaleza,dszymoni81@surveymonkey.com
290,Gouldthorp,Gulgowski Inc,Garahan,ngouldthorp82@newsvine.com
291,Harriagn,McCullough-Armstrong,Shuqiao,mharriagn83@liveinternet.ru
292,Fewell,Hartmann-Von,Cantagallo,lfewell84@ucoz.ru
293,Minihane,Douglas and Sons,Sandaohezi,tminihane85@admin.ch
294,Vaar,Watsica-Krajcik,Kuala Terengganu,evaar86@1688.com
295,Bow,Botsford Inc,Al Finţās,jbow87@techcrunch.com
296,Leahair,Sawayn Inc,Gabès,mleahair88@etsy.com
297,Greenwell,Beer LLC,Shishan,bgreenwell89@alexa.com
298,Luxon,"Roberts, Mills and Langosh",Sumurnanjung,dluxon8a@cbslocal.com
299,Passingham,Greenholt Inc,Pantin,opassingham8b@techcrunch.com
300,Akers,Swaniawski-Jacobi,Zhuanshui,dakers8c@timesonline.co.uk
301,Pellatt,Hand and Sons,Sumberrejo,spellatt8d@ycombinator.com
302,Hargess,"Bauch, Waters and Hansen",Morawica,ehargess8e@huffingtonpost.com
303,Rattenberie,"Sporer, Keebler and Wilkinson",Santa Clara,srattenberie8f@jiathis.com
304,Brosch,"McCullough, Stehr and Crona",Mstsislaw,sbrosch8g@ftc.gov
305,Lowndsborough,"Senger, Mante and Cartwright",Novonikol’sk,hlowndsborough8h@shinystat.com
306,Bohje,Considine-Lehner,Bobadela,gbohje8i@huffingtonpost.com
307,Phetteplace,"Moen, Klein and Mitchell",Kawaguchi,zphetteplace8j@cnbc.com
308,Canero,"Corwin, Kunze and Sanford",Jahrom,xcanero8k@netlog.com
309,Kayley,Lubowitz and Sons,Suhopolje,zkayley8l@163.com
310,Sigfrid,"Strosin, Jerde and Russel",Baykalovo,esigfrid8m@stumbleupon.com
311,Tohill,"Grimes, Wuckert and VonRueden",Nāḩiyat as Sab‘ Biyār,jtohill8n@netlog.com
312,Ackwood,Johns Group,Wendengying,rackwood8o@is.gd
313,Mepsted,"Lowe, Ullrich and Jenkins",Idhnā,hmepsted8p@ihg.com
314,Attock,"Erdman, Parisian and Botsford",Vitim,eattock8q@360.cn
315,Torricina,Hayes-Legros,Bai’e,ltorricina8r@cdbaby.com
316,Sidary,Moen Group,Mrągowo,rsidary8s@huffingtonpost.com
317,Baty,"Berge, Oberbrunner and Bartoletti",Huangrangping,mbaty8t@utexas.edu
318,Boustead,"Conn, Predovic and Halvorson",Sankera,gboustead8u@irs.gov
319,Diperaus,Johnson-Marquardt,Concepción de la Barranca,pdiperaus8v@youku.com
320,Raynor,"Bruen, Schamberger and O'Conner",Youshan,mraynor8w@woothemes.com
321,Jory,Glover-Fritsch,Wang Saphung,sjory8x@google.es
322,Trowbridge,Botsford-Glover,Semey,ltrowbridge8y@go.com
323,Manchett,"Blanda, MacGyver and Lesch",Roshnik,smanchett8z@forbes.com
324,Mc Meekin,"Labadie, Maggio and Roob",Kedatuan,kmcmeekin90@rambler.ru
325,Lorente,Fahey and Sons,Juupajoki,rlorente91@google.nl
326,Brightling,"Bailey, Luettgen and Kutch",Hukvaldy,sbrightling92@ucla.edu
327,Mussett,"Stiedemann, Haag and Cummings",Arlöv,mmussett93@godaddy.com
328,Heady,Hegmann Group,Gimcheon,kheady94@blogtalkradio.com
329,Anchor,Shanahan-Lemke,Kertamukti,banchor95@drupal.org
330,Fisbey,Fay Inc,Karak,efisbey96@studiopress.com
331,Gammie,Ward-Bauch,São Sebastião do Caí,hgammie97@wikispaces.com
332,Reames,Swift LLC,Krajan,areames98@ycombinator.com
333,Brinded,Johnson Inc,Milano,cbrinded99@intel.com
334,Pellatt,Bode-Balistreri,Pomerode,kpellatt9a@slate.com
335,Mease,Harvey LLC,Santo Amaro,dmease9b@xrea.com
336,Morrid,Rau Inc,Nunhala,hmorrid9c@gizmodo.com
337,Reckless,Torphy-West,Beiqi,dreckless9d@digg.com
338,Clyburn,Haley Inc,Nangerang,cclyburn9e@bloomberg.com
339,Caser,Pacocha LLC,Quỳ Châu,pcaser9f@zimbio.com
340,Aasaf,"Schmidt, Towne and Stoltenberg",Coayllo,yaasaf9g@plala.or.jp
341,Dallas,"Shields, Hilpert and Nitzsche",El Mirador,tdallas9h@ow.ly
342,Dewbury,Conroy Group,Birobidzhan,adewbury9i@prnewswire.com
343,Szymczyk,"Klein, Swaniawski and Bahringer",Fresno,cszymczyk9j@yahoo.com
344,Lannon,Stanton and Sons,Rakitnoye,glannon9k@multiply.com
345,Huckin,"Armstrong, Mante and Boyer",Pringgoboyo,khuckin9l@microsoft.com
346,Dimitrescu,"Bergnaum, Ernser and Rippin",Sovetskaya Gavan’,ldimitrescu9m@zdnet.com
347,Frill,"Sawayn, Berge and O'Reilly",Ituberá,gfrill9n@vk.com
348,Tanfield,Kris and Sons,Pallasovka,mtanfield9o@cmu.edu
349,Nugent,Hansen Inc,Angoulême,unugent9p@geocities.jp
350,Denholm,Feil-Effertz,Lýkeio,sdenholm9q@yellowpages.com
351,Baud,Halvorson and Sons,Jiayuguan,tbaud9r@unblog.fr
352,Immins,Labadie-Sawayn,Llazicë,kimmins9s@gov.uk
353,Linggard,Cole-McDermott,Dar Chabanne,alinggard9t@archive.org
354,Ivanyushin,Schultz-Schiller,Thị Trấn Na Sầm,civanyushin9u@oaic.gov.au
355,Claesens,Weimann and Sons,Hājīganj,gclaesens9v@squarespace.com
356,Oakenfall,Nienow and Sons,Fangjun,noakenfall9w@dell.com
357,Caseri,Hirthe-Kihn,La Vega,tcaseri9x@liveinternet.ru
358,Dymoke,"Predovic, O'Hara and Corkery",Lancar,kdymoke9y@umn.edu
359,Golden of Ireland,Treutel Group,Vidoši,rgoldenofireland9z@ustream.tv
360,Killerby,Kovacek Group,Fonseca,wkillerbya0@dmoz.org
361,Romero,"Hackett, Ryan and Hodkiewicz",Vacaria,iromeroa1@ovh.net
362,Triplow,"Schmitt, Bode and Cormier",Batarasa,dtriplowa2@globo.com
363,Bertl,"Turner, Stamm and Borer",Isla,bbertla3@msu.edu
364,Beetham,Dare Group,Basel,wbeethama4@goo.gl
365,Fearnley,"Schneider, Torphy and Leannon",Xiaogang,sfearnleya5@addtoany.com
366,Ost,"Crist, Bruen and Reilly",Pangai,rosta6@zdnet.com
367,MacKissack,Doyle and Sons,Tlogowetan,jmackissacka7@1und1.de
368,Odams,Wyman-Rath,Tostado,rodamsa8@free.fr
369,Hayland,McCullough LLC,Khondāb,lhaylanda9@google.cn
370,Crothers,"Schulist, Carroll and Hilll",Armamar,acrothersaa@cbsnews.com
371,Iveagh,Keeling-Kautzer,Chmielno,riveaghab@liveinternet.ru
372,Horning,Hyatt-Schoen,Liangchahe,zhorningac@yolasite.com
373,Beldom,Cartwright LLC,Penanggapan,mbeldomad@dagondesign.com
374,Wallis,VonRueden-Oberbrunner,Xuchang,twallisae@bizjournals.com
375,Cordingley,Stanton-Watsica,Oekuu,kcordingleyaf@cam.ac.uk
376,Wyleman,Mills-Schamberger,Nankai,swylemanag@macromedia.com
377,Demanche,Bruen-Goodwin,Baguio,fdemancheah@woothemes.com
378,Twiddle,Predovic and Sons,Qorao’zak,itwiddleai@themeforest.net
379,Tissington,O'Keefe-Muller,Zhichu,jtissingtonaj@chron.com
380,Glencrash,Stiedemann and Sons,Quintã,kglencrashak@ca.gov
381,Teese,"Farrell, Boyer and Kris",Sonorejo,dteeseal@accuweather.com
382,Cumberbatch,"Thiel, Bogan and Toy",Pojok,mcumberbatcham@google.it
383,Piddle,Gibson-Hickle,Niquelândia,cpiddlean@alexa.com
384,Kitteridge,Rolfson-Bartoletti,Bagani,gkitteridgeao@wufoo.com
385,Biagi,"Grant, Ryan and Koch",Sumberejo,lbiagiap@blogspot.com
386,Rumbellow,Gerlach-Becker,Shanggan,jrumbellowaq@cafepress.com
387,Leechman,Adams and Sons,Nangewer,cleechmanar@google.co.uk
388,Langridge,Runolfsson LLC,Mulyadadi,vlangridgeas@cbc.ca
389,Corkan,Willms LLC,Melgar,gcorkanat@webs.com
390,Mathivon,Gutkowski and Sons,Shuanghe,bmathivonau@cisco.com
391,Spracklin,Hessel Group,Koudougou,sspracklinav@dmoz.org
392,Greensted,Steuber-Parisian,Atafu Village,jgreenstedaw@sciencedirect.com
393,Hayller,Streich-Rolfson,Balfour,lhayllerax@time.com
394,Chotty,Hermiston-Keebler,Sheregesh,wchottyay@mediafire.com
395,Mulligan,Doyle Inc,Tengah,emulliganaz@weather.com
396,Gillison,"Davis, Zboncak and Streich",Saint-Rémy-de-Provence,agillisonb0@fotki.com
397,Height,Marvin and Sons,Resende,cheightb1@blogs.com
398,Oiller,Luettgen-Corwin,Czemierniki,roillerb2@columbia.edu
399,McNeely,Cremin-Luettgen,Coronel Vivida,bmcneelyb3@whitehouse.gov
400,Verduin,Weimann-Luettgen,Cikadongdong,nverduinb4@godaddy.com
401,Crocker,Conroy and Sons,Bolesławiec,lcrockerb5@slideshare.net
402,Danzelman,"Braun, Mohr and Grady",Suizhong,rdanzelmanb6@devhub.com
403,Abelov,Flatley Inc,Zmiennica,eabelovb7@google.nl
404,Ingamells,"Pfannerstill, Schinner and Kassulke",Ringinrejo,kingamellsb8@ox.ac.uk
405,Gyurko,Mitchell and Sons,Bolilao,pgyurkob9@youtu.be
406,St. Quentin,Halvorson-Mitchell,Pulautemiang,sstquentinba@sohu.com
407,Chitty,"Hodkiewicz, Morar and Kovacek",Macheng,bchittybb@virginia.edu
408,Stobbart,Douglas-Halvorson,Maragogipe,cstobbartbc@cyberchimps.com
409,Feeham,McCullough LLC,Liping,afeehambd@un.org
410,Gabriel,Windler-Shields,Tatarsk,ggabrielbe@cmu.edu
411,Matelyunas,McGlynn-Morissette,Rungis,hmatelyunasbf@wix.com
412,Denisevich,Kling and Sons,Krasnoyarka,adenisevichbg@feedburner.com
413,Heiton,Morar Group,Jubao,cheitonbh@sun.com
414,Peatheyjohns,Mertz-Hammes,Sobhādero,jpeatheyjohnsbi@opera.com
415,Cracoe,Powlowski-Nikolaus,Uubulan,ocracoebj@youku.com
416,Jerrems,"Casper, Leffler and Cummerata",Caeté,mjerremsbk@scientificamerican.com
417,Plaunch,Fadel-Gutkowski,Xinjie,bplaunchbl@reverbnation.com
418,Mounsey,Hickle-Zieme,Bakung Utara,mmounseybm@people.com.cn
419,Durrell,"Feeney, Gusikowski and Jacobs",Saint-Brieuc,fdurrellbn@godaddy.com
420,MacEnelly,"Ferry, Shanahan and Kertzmann",Majiang,smacenellybo@blogspot.com
421,McCorry,Considine Group,Tarsouat,omccorrybp@ehow.com
422,Andor,Bernhard Group,Pobé,mandorbq@princeton.edu
423,Streeten,Kautzer LLC,El Cocuy,lstreetenbr@indiegogo.com
424,Raubenheimer,Nitzsche LLC,Qingfa,araubenheimerbs@unicef.org
425,Faughey,Kuphal Inc,Pitai,afaugheybt@va.gov
426,Betje,Lind Group,Hanyū,abetjebu@twitter.com
427,Dominico,Robel-Lueilwitz,Salamanca,ldominicobv@hp.com
428,Dukes,Barton-Emard,Pho Thong,ldukesbw@archive.org
429,Gallahar,"Stehr, Kiehn and Schmidt",Linjiang,tgallaharbx@deliciousdays.com
430,Attkins,"Barrows, Hoppe and Streich",Kafr Kannā,eattkinsby@epa.gov
431,Denk,Kutch-West,Palmerston North,edenkbz@163.com
432,Struthers,Boyle-Olson,Nova Odessa,estruthersc0@harvard.edu
433,Hacquel,Bechtelar and Sons,Kurihashi,mhacquelc1@miibeian.gov.cn
434,Brassill,Mayert Inc,Chunhu,gbrassillc2@icq.com
435,Campagne,"Beier, Prosacco and Schoen",Xiexiong,dcampagnec3@usda.gov
436,Tanser,Hahn-Hoeger,Coloncito,mtanserc4@hhs.gov
437,Dower,Swaniawski-Kuphal,Tofa,tdowerc5@washington.edu
438,Brodnecke,"Brakus, Waters and Bosco",San Antonio,bbrodneckec6@bluehost.com
439,Tarzey,Hills-Sawayn,Maracaibo,ttarzeyc7@economist.com
440,Woollends,"Hane, Jakubowski and Quigley",Duy Xuyên,ewoollendsc8@disqus.com
441,Morilla,Jacobs and Sons,Gaoshi,kmorillac9@yelp.com
442,Dimmne,Kertzmann LLC,Puerto Morazán,kdimmneca@cam.ac.uk
443,Brach,"Trantow, Kessler and Wintheiser",Heshui,rbrachcb@intel.com
444,Scrowby,Hammes Inc,Baghdad,zscrowbycc@wikia.com
445,Qusklay,"Gislason, Lind and Stroman",Dongqinggou,tqusklaycd@blinklist.com
446,Londsdale,Schroeder Inc,Baomin,blondsdalece@ehow.com
447,Fannon,"Anderson, Runolfsson and Kulas",La Roche-sur-Yon,cfannoncf@indiatimes.com
448,Bulley,VonRueden-Mayer,Boca de Parita,obulleycg@printfriendly.com
449,Gettens,Schuppe-Botsford,Levin,sgettensch@xrea.com
450,Legrice,"Adams, Ward and Balistreri",Schellenberg,rlegriceci@cocolog-nifty.com
451,Harnett,"Fisher, Sanford and Swaniawski",Boldumsaz,eharnettcj@qq.com
452,Breheny,"Wilkinson, Ritchie and Parisian",Ballitoville,sbrehenyck@admin.ch
453,Newcombe,Hamill and Sons,Kamālia,gnewcombecl@imdb.com
454,Thain,"Schimmel, Shields and Rosenbaum",Kandana,pthaincm@blinklist.com
455,Grosvener,Cassin-Larson,Lidoríki,sgrosvenercn@ebay.com
456,Mourbey,"Considine, Turcotte and Wilkinson",Bato,nmourbeyco@de.vu
457,Guitel,Strosin and Sons,Novyy Karachay,gguitelcp@opera.com
458,Benton,Mante-Berge,Tosno,fbentoncq@yelp.com
459,Pidgin,"Volkman, Lesch and Lueilwitz",Taipingying,upidgincr@plala.or.jp
460,Grocott,Boyer-Lueilwitz,Lyon,ggrocottcs@businessweek.com
461,Harrald,"Ondricka, Murray and Wisoky",Pucacaca,bharraldct@icq.com
462,Ching,Kshlerin-Franecki,Cabreúva,kchingcu@studiopress.com
463,Swann,Kuphal-Lind,Lunsar,sswanncv@dot.gov
464,Titlow,Auer-Bins,Rassvet,ptitlowcw@cbsnews.com
465,Kester,"Harris, Hills and Gottlieb",Tigbaw,kkestercx@weather.com
466,Gehricke,Emard LLC,Ozëry,kgehrickecy@sciencedirect.com
467,Pleuman,"Marquardt, Rowe and Mertz",Tungol,bpleumancz@vkontakte.ru
468,Buscher,Cronin-Gleichner,Watthana Nakhon,obuscherd0@google.co.uk
469,Sallarie,"Ondricka, Cummerata and Friesen",Marshintsy,lsallaried1@phoca.cz
470,Brearton,Langworth-Macejkovic,Watubuku,sbreartond2@jiathis.com
471,Purches,Ryan-Morissette,Bhopālwāla,apurchesd3@google.it
472,Laimable,Yost Inc,Skerries,alaimabled4@auda.org.au
473,Ivankovic,Towne-Torphy,Midland,iivankovicd5@redcross.org
474,Nottram,Abbott Inc,Xinbu,inottramd6@taobao.com
475,Bugdell,McGlynn Inc,Mingzhong,abugdelld7@comcast.net
476,Goodsell,Auer Group,La Troncal,tgoodselld8@ehow.com
477,Busen,Vandervort Inc,Paynjuwayn,xbusend9@salon.com
478,Kyrkeman,Kunze Group,Santa Cruz,ekyrkemanda@engadget.com
479,Gilby,"Cole, Zboncak and Swift",Bassar,egilbydb@tinypic.com
480,Novakovic,Ortiz Inc,Shikhazany,cnovakovicdc@ocn.ne.jp
481,Chyuerton,Kunze-Casper,Horní Stropnice,hchyuertondd@yale.edu
482,Chrishop,"Leffler, Padberg and Sporer",Warung Wetan,ychrishopde@spotify.com
483,McOmish,Ward Inc,Safed,ymcomishdf@deviantart.com
484,Mein,Tromp-Kessler,Kalate,rmeindg@wikimedia.org
485,Furmage,Cummerata-Smitham,Södertälje,tfurmagedh@newyorker.com
486,Cardenas,"Ward, Hyatt and Wyman",Paulpietersburg,hcardenasdi@artisteer.com
487,Petracchi,"Schroeder, Koss and Lindgren",Pulangbato,bpetracchidj@mediafire.com
488,Lubbock,Glover-Kilback,Vista Alegre,dlubbockdk@google.nl
489,Cheeke,Senger-Maggio,Nieuwegein,hcheekedl@behance.net
490,Frangleton,Hills Inc,Prado,lfrangletondm@ca.gov
491,Lorrimer,"Gottlieb, Murazik and Ondricka",Binitinan,klorrimerdn@vistaprint.com
492,Gregolotti,Rath-Hahn,Hengdian,ngregolottido@npr.org
493,Machon,Huel-Kuhn,Munse,kmachondp@php.net
494,Maliffe,Cassin-Ondricka,Grajaú,vmaliffedq@zdnet.com
495,Patria,"Heaney, Marks and Williamson",Saipan,ppatriadr@stumbleupon.com
496,Parrett,Schuppe-Wiza,Zverevo,pparrettds@cam.ac.uk
497,Jakeman,Lakin and Sons,Carlos Barbosa,ejakemandt@prlog.org
498,Barfoot,"Graham, Koss and Larkin",Nguluhan,cbarfootdu@about.me
499,McKew,"Wisozk, Mueller and Streich",Sijunjung,hmckewdv@ibm.com
